NO.Nota,Tanggal,Kasir,Kode Barang,Barcode,Nama Barang,Satuan,Qty,Harga Jual,Jumlah
48,4/6/2022,BOS,C,C,CEMILAN,,10,1000,10000
143,7/21/2019,BOS,8.89E+12,8.89E+12,AIR AQUA 1500ML,,2,8000,16000
45,11/3/2024,BOS,8.99E+12,8.99E+12,GOOD DAY CAPPUCINO 250ML,,1,8000,8000
74,10/10/2019,BOS,8.89E+12,8.89E+12,AIR AQUA 500 ML,,1,5000,5000
85,7/21/2025,BOS,89686600308,89686600308,CHEETOS JAGUNG BAKAR 75G,,2,9000,18000
98,3/11/2024,BOS,9.00E+12,9.00E+12,DJI SAMSOE KRETEK 16,,1,24000,24000
55,1/18/2023,BOS,8.99E+12,8.99E+12,AIR ADES 600ML,,1,5000,5000
100,7/2/2025,BOS,8.89E+12,8.89E+12,AIR AQUA 1500ML,,1,8000,8000
41,7/10/2023,BOS,9.00E+12,9.00E+12,DUNHILL WHITE,,1,24000,24000
167,5/16/2024,BOS,C,C,CEMILAN,,3,1000,3000
67,12/15/2024,BOS,9.00E+12,9.00E+12,SAMPOERNA MILD,,1,24000,24000
29,10/24/2019,BOS,9.00E+12,9.00E+12,SAMPOERNA MILD,,1,24000,24000
209,9/11/2024,BOS,9.00E+12,9.00E+12,BEER BINTANG BESAR 720ML,,2,38000,76000
177,8/17/2025,BOS,9.00E+12,9.00E+12,BEER BINTANG BESAR 720ML,,1,38000,38000
190,3/8/2023,BOS,9.00E+12,9.00E+12,DUNHILL WHITE,,1,25000,25000
124,1/29/2025,BOS,8.99E+12,8.99E+12,FRESTEA LECI SMALL,,1,5000,5000
30,9/5/2020,BOS,9.00E+12,9.00E+12,LARUTAN CAP KAKI TIGA JERUK,,1,8000,8000
43,1/5/2020,BOS,8.89E+12,8.89E+12,AIR AQUA 1500ML,,1,8000,8000
97,1/2/2021,BOS,8.89E+12,8.89E+12,KRATINDENG REDBULL,,1,7000,7000
24,8/10/2020,BOS,9.00E+12,9.00E+12,SARI GANDUM SANDWICH,,1,10000,10000
153,12/14/2025,BOS,9.00E+12,9.00E+12,GUDANG GARAM FILTER,,1,20000,20000
140,8/7/2024,BOS,76239878,76239878,MARLBORO GOLD,,1,27000,27000
150,9/30/2023,BOS,6.91E+12,6.91E+12,SNICKERS 51G,,1,12000,12000
12,2/5/2024,BOS,8.99E+12,8.99E+12,good day,,2,8000,16000
4,9/26/2020,BOS,8.89E+12,8.89E+12,PRINGLES SOUR CREAM & ONION,,1,25000,25000
47,12/6/2020,BOS,9.56E+12,9.56E+12,MILO KLG 240ML,,1,10000,10000
89,6/20/2022,BOS,8.99E+12,8.99E+12,MITUBABY FRESH BLUE 4,,1,4000,4000
193,5/1/2024,BOS,76164217,76164217,MARLBORO MERAH,,1,27000,27000
110,4/25/2025,BOS,9.00E+12,9.00E+12,BENG-BENG MAX,,1,4000,4000
27,8/22/2025,BOS,8.89E+12,8.89E+12,AIR AQUA 1500ML,,1,8000,8000
101,12/1/2019,BOS,9.00E+12,9.00E+12,SAMPOERNA MILD,,1,24000,24000
81,10/12/2024,BOS,8.99E+12,8.99E+12,FANTA STRAWBERY 390ML,,1,7000,7000
92,1/11/2020,BOS,89686611618,89686611618,QTELA SINGKONG 60G,,2,7000,14000
105,6/25/2021,BOS,8.99E+12,8.99E+12,GERRY SALUT MATCHA 18G,,1,1500,1500
66,9/21/2022,BOS,9.56E+12,9.56E+12,YEOS LYCHEE DRINK,,1,8000,8000
105,11/28/2019,BOS,8.99E+12,8.99E+12,FANTA STRAWBERY 390ML,,1,7000,7000
7,11/24/2020,BOS,4.03E+12,4.03E+12,CAMEL PURPLE,,1,18000,18000
33,1/20/2021,BOS,8.99E+12,8.99E+12,COCA-COLA ZERO KLG 330ML,,4,10000,40000
111,9/29/2024,BOS,9.56E+12,9.56E+12,DOUBLEMINT13.5G,,1,4000,4000
109,8/21/2023,BOS,6.93E+12,6.93E+12,KOREK G2000,,1,6000,6000
153,4/11/2021,BOS,76239878,76239878,MARLBORO GOLD,,1,27000,27000
126,8/14/2020,BOS,GLN,GLN,AIR GALON,,1,20000,20000
170,7/14/2022,BOS,9.00E+12,9.00E+12,FEAST VANILA,,1,10000,10000
59,11/14/2019,BOS,C,C,CEMILAN,,5,1000,5000
78,3/11/2019,BOS,9.00E+12,9.00E+12,ENERGIZER AA 4PACK,,2,45000,90000
131,9/26/2024,BOS,9.00E+12,9.00E+12,SURYA 16,,1,25000,25000
51,12/15/2021,BOS,8.99E+12,8.99E+12,BEAR BRAND 189ML,,1,12000,12000
25,12/2/2022,BOS,9.00E+12,9.00E+12,SAMPOERNA MILD,,1,24000,24000
76,4/3/2019,BOS,9.00E+12,9.00E+12,TEH PUCUK 350 ML,,1,5000,5000
107,3/20/2022,BOS,8.99E+12,8.99E+12,L.A BOLD 20,,1,23000,23000
4,10/13/2023,BOS,8.89E+12,8.89E+12,AIR AQUA 1500ML,,1,8000,8000
59,11/5/2020,BOS,9.00E+12,9.00E+12,BEER BINTANG KLG 500ML,,2,30000,60000
3,10/1/2019,BOS,9.00E+12,9.00E+12,YOU-C1000 ORANGE,,1,7000,7000
24,8/12/2021,BOS,9.00E+12,9.00E+12,ULTRA MILK COLKEAT 250ML,,1,8000,8000
173,3/29/2020,BOS,9.00E+12,9.00E+12,STRONGBOW GOLDEN APPLE,,1,40000,40000
55,4/10/2023,BOS,9.00E+12,9.00E+12,BEER BINTANG RADLER 330 ML,,2,25000,50000
50,3/21/2022,BOS,89686060027,89686060027,POP MIE AYAM,,1,6000,6000
35,1/31/2022,BOS,8.89E+12,8.89E+12,AIR AQUA 1500ML,,1,8000,8000
47,2/22/2023,BOS,8.89E+12,8.89E+12,AIR AQUA 500 ML,,1,5000,5000
44,3/4/2025,BOS,9.00E+12,9.00E+12,ULTRA MILK COLKEAT 250ML,,1,8000,8000
60,2/24/2020,BOS,GLN,GLN,AIR GALON,,1,20000,20000
27,4/17/2021,BOS,9.00E+12,9.00E+12,TEH KOTAK 200ML,,1,5000,5000
86,9/6/2020,BOS,8.85E+12,8.85E+12,MOGU MOGU COCONUT,,1,10000,10000
118,1/1/2019,BOS,9.00E+12,9.00E+12,ROMA BISKUIT KELAPA 300G,,1,10000,10000
88,4/14/2024,BOS,9.00E+12,9.00E+12,MIE SEDAP CUP GORENG,,1,6000,6000
106,1/12/2022,BOS,C,C,CEMILAN,,5,1000,5000
76,7/5/2025,BOS,8.89E+12,8.89E+12,BEER BALI HAI 620ML,,1,35000,35000
244,5/4/2019,BOS,8.99E+12,8.99E+12,ADEM SARI CHINGKU 350ML,,1,8000,8000
76,2/1/2024,BOS,8.99E+12,8.99E+12,GOOD DAY CAPPUCCINO 25G,,2,2000,4000
10,4/11/2024,BOS,9.00E+12,9.00E+12,YOU-C1000 LEMON,,1,7000,7000
26,5/25/2024,BOS,8.99E+12,8.99E+12,GERY SALUT 18G,,1,1500,1500
102,8/28/2023,BOS,8.99E+12,8.99E+12,SILVERQUEEN MILK CHOCHO 30G,,1,12000,12000
180,5/4/2023,BOS,C,C,CEMILAN,,2,1000,2000
140,8/6/2021,BOS,8.89E+12,8.89E+12,AIR AQUA 500 ML,,1,5000,5000
28,10/6/2021,BOS,8.89E+12,8.89E+12,AIR AQUA 500 ML,,1,5000,5000
162,8/3/2025,BOS,9.00E+12,9.00E+12,MAGNUM ALMOND,,1,15000,15000
122,4/26/2019,BOS,8.99E+12,8.99E+12,FANTA JERUK 390ML,,1,7000,7000
13,4/20/2025,BOS,LG,LG,LEM G,,1,7000,7000
65,10/19/2024,BOS,8.99E+12,8.99E+12,IN MILD MERAH,,1,18000,18000
74,11/22/2019,BOS,9.00E+12,9.00E+12,ESSE BERRY POP,,1,22000,22000
140,2/29/2024,BOS,76239878,76239878,MARLBORO GOLD,,1,27000,27000
194,11/26/2021,BOS,9.00E+12,9.00E+12,BEER BINTANG 330ML,,1,26000,26000
108,12/3/2022,BOS,9.00E+12,9.00E+12,EVEREADY,,1,25000,25000
20,8/19/2025,BOS,8.99E+12,8.99E+12,COCA-COLA LIGHT TASTE KLG,,1,10000,10000
188,3/31/2024,BOS,8.99E+12,8.99E+12,OREO PEANUT BUTTER & CHOCOLATE,,1,10000,10000
165,8/14/2022,BOS,8.89E+12,8.89E+12,PRINGLES SMOKY BBQ 107G,,1,25000,25000
172,4/12/2020,BOS,8.99E+12,8.99E+12,NEXTAR COKELAT,,1,3000,3000
38,9/28/2023,BOS,8.89E+12,8.89E+12,AIR AQUA 500 ML,,1,5000,5000
2,9/4/2022,BOS,89686611618,89686611618,QTELA SINGKONG 60G,,1,7000,7000
38,8/21/2019,BOS,8.89E+12,8.89E+12,AIR AQUA 1500ML,,2,8000,16000
84,2/27/2024,BOS,9.00E+12,9.00E+12,U MILD 12,,1,13000,13000
171,7/13/2024,BOS,4.90E+12,4.90E+12,PANTENE HAIR FALL CONTROL 70ML,,1,18000,18000
45,7/31/2025,BOS,8.89E+12,8.89E+12,KRATINDENG REDBULL,,1,7000,7000
83,11/19/2019,BOS,8.99E+12,8.99E+12,ADEM SARI CHINGKU 350ML,,1,8000,8000
105,11/8/2020,BOS,8.89E+12,8.89E+12,AIR AQUA 1500ML,,2,8000,16000
21,7/13/2019,BOS,9.00E+12,9.00E+12,SAMPOERNA MILD 12,,1,18000,18000
131,7/5/2023,BOS,76239878,76239878,MARLBORO GOLD,,1,27000,27000
119,12/21/2019,BOS,76239878,76239878,MARLBORO GOLD,,1,27000,27000
213,6/30/2022,BOS,9.00E+12,9.00E+12,SMIRNOFF ICE,,1,30000,30000
128,3/19/2023,BOS,8.99E+12,8.99E+12,CRYSTAL,,1,12000,12000
165,3/3/2022,BOS,9.00E+12,9.00E+12,BETTER,,1,1500,1500
23,6/12/2022,BOS,9.00E+12,9.00E+12,rinso 1000,,5,2000,10000
141,7/2/2025,BOS,9.00E+12,9.00E+12,CORNETO SILVER QUEEN,,2,10000,20000
99,4/18/2025,BOS,9.00E+12,9.00E+12,YOU-C1000 LEMON,,2,7000,14000
39,6/4/2025,BOS,8.89E+12,8.89E+12,AIR AQUA 1500ML,,1,8000,8000
92,6/17/2024,BOS,8.99E+12,8.99E+12,bimoli 1ltr,,1,18000,18000
58,9/27/2021,BOS,GA,GA,GELAS + AIR,,1,1500,1500
60,5/10/2023,BOS,8.99E+12,8.99E+12,FRESTEA MADU 500ML,,1,8000,8000
83,1/21/2024,BOS,8.99E+12,8.99E+12,SPRITE LEMON LIME 390ML,,1,7000,7000
165,9/7/2023,BOS,8.99E+12,8.99E+12,SAN MIGUEL 330 ML,,2,29000,58000
125,3/8/2021,BOS,76164217,76164217,MARLBORO MERAH,,2,30000,60000
44,1/1/2024,BOS,9.00E+12,9.00E+12,FRUITEA BLACKCURRANT,,1,8000,8000
39,8/12/2021,BOS,9.00E+12,9.00E+12,FEAST VANILA,,1,10000,10000
125,3/23/2021,BOS,8.89E+12,8.89E+12,PERMEN KIS BARLEY,,1,8000,8000
163,5/31/2020,BOS,9.00E+12,9.00E+12,SAMPOERNA MILD 12,,1,18000,18000
16,1/8/2025,BOS,9.00E+12,9.00E+12,TEH BOTOL SOSRO ORIGINAL 350ML,,4,5000,20000
20,1/26/2020,BOS,GAS K,GAS K,GAS KECIL,,1,23000,23000
22,11/28/2019,BOS,8.89E+12,8.89E+12,AIR AQUA 1500ML,,1,8000,8000
105,3/18/2021,BOS,9.00E+12,9.00E+12,MALKIST ROMA CRACKERS,,1,1500,1500
97,10/27/2019,BOS,89981115,89981115,LUCKY STRIKE BLUE,,1,24000,24000
54,3/10/2022,BOS,95506296,95506296,strepsils original,,1,15000,15000
40,12/29/2022,BOS,9.00E+12,9.00E+12,TEH KOTAK LEMON,,1,5000,5000
31,9/26/2021,BOS,9.00E+12,9.00E+12,SAMPOERNA KRETEK,,1,13000,13000
11,2/10/2025,BOS,9.00E+12,9.00E+12,HALIM,,1,18000,18000
128,6/30/2022,BOS,9.00E+12,9.00E+12,SAMPOERNA MENTHOL BURST,,1,25000,25000
81,8/9/2022,BOS,9.00E+12,9.00E+12,SURYA 12,,1,20000,20000
79,4/12/2021,BOS,8.89E+12,8.89E+12,AIR AQUA 500 ML,,1,5000,5000
78,9/15/2021,BOS,8.89E+12,8.89E+12,AIR AQUA 1500ML,,1,8000,8000
23,8/30/2025,BOS,8.99E+12,8.99E+12,AIR ADES 600ML,,1,5000,5000
72,5/2/2024,BOS,9.00E+12,9.00E+12,CAMEL YELLOW,,1,25000,25000
106,12/12/2025,BOS,8.99E+12,8.99E+12,FRENCH 2000,,4,2000,8000
136,9/26/2022,BOS,8.89E+12,8.89E+12,AIR AQUA 500 ML,,1,5000,5000
12,7/13/2025,BOS,8.99E+12,8.99E+12,GOOD DAY CAPPUCCINO 25G,,2,2000,4000
184,8/16/2019,BOS,9.00E+12,9.00E+12,YOU-C1000 ORANGE,,1,7000,7000
12,2/23/2021,BOS,9.00E+12,9.00E+12,SAMPOERNA MENTHOL BURST,,1,25000,25000
18,1/19/2025,BOS,9.00E+12,9.00E+12,TOLAK ANGIN,,1,3000,3000
33,12/4/2020,BOS,2111,2111,ROTI 1500,,4,1500,6000
122,5/18/2021,BOS,9.00E+12,9.00E+12,DUNHILL HITAM,,1,20000,20000
156,11/24/2019,BOS,9.00E+12,9.00E+12,MIE SEDAP GORENG 90G,,1,3000,3000
153,11/5/2020,BOS,4.80E+12,4.80E+12,SENSODYNE COOL GEL,,1,46000,46000
21,9/7/2023,BOS,9.00E+12,9.00E+12,SARI KACANG IJO 250ML,,1,7000,7000
175,3/30/2019,BOS,89686611618,89686611618,QTELA SINGKONG 60G,,1,7000,7000
104,4/6/2020,BOS,C,C,CEMILAN,,3,1000,3000
44,1/1/2023,BOS,9.00E+12,9.00E+12,DUNHILL HITAM,,1,20000,20000
68,9/1/2023,BOS,4.03E+12,4.03E+12,CAMEL PURPLE,,1,25000,25000
88,11/17/2024,BOS,2111,2111,ROTI 1500,,2,1500,3000
23,3/28/2020,BOS,1.41E+12,100,ROTI,,2,2000,4000
130,3/13/2025,BOS,9.00E+12,9.00E+12,WALL'S SOLERO,,1,5000,5000
159,4/7/2022,BOS,8.99E+12,8.99E+12,MIZONE CRANBERRY 500ML,,1,8000,8000
77,7/14/2024,BOS,9.00E+12,9.00E+12,SAMPOERNA MILD 12,,1,18000,18000
16,7/19/2020,BOS,9.00E+12,9.00E+12,LARUTAN CAP KAKI TIGA 500ML,,1,8000,8000
55,2/18/2020,BOS,C,C,CEMILAN,,2,1000,2000
38,11/24/2025,BOS,8.99E+12,8.99E+12,VEGETABLE AND CHEESE,,1,3000,3000
38,5/21/2019,BOS,76164217,76164217,MARLBORO MERAH,,1,30000,30000
75,10/25/2024,BOS,9.00E+12,9.00E+12,ESSE CHANGE,,1,24000,24000
166,4/30/2022,BOS,8.89E+12,8.89E+12,AIR AQUA 500 ML,,1,5000,5000
84,4/14/2022,BOS,6.93E+12,6.93E+12,KOREK G2000,,1,6000,6000
23,7/15/2023,BOS,gas,gas,GAS BSAR,,1,128000,128000
18,6/12/2025,BOS,9.00E+12,9.00E+12,GUDANG GARAM FILTER,,1,20000,20000
158,7/23/2022,BOS,8.89E+12,8.89E+12,CUSSONS BABY,,1,6000,6000
58,3/25/2024,BOS,8.89E+12,8.89E+12,AIR AQUA 500 ML,,2,5000,10000
100,4/28/2019,BOS,7.50E+11,7.50E+11,HILO SCOOL,,1,7000,7000
134,10/26/2019,BOS,C,C,CEMILAN,,4,1000,4000
161,8/21/2019,BOS,8.99E+12,8.99E+12,COOLANT 175 ML,,1,7000,7000
312,7/30/2023,BOS,8.89E+12,8.89E+12,AIR AQUA 500 ML,,1,5000,5000
92,1/24/2021,BOS,8.99E+12,8.99E+12,ADEM SARI CHINGKU 350ML,,2,8000,16000
62,3/8/2023,BOS,8.99E+12,8.99E+12,MENTOS MINT 37G,,1,5000,5000
44,9/26/2025,BOS,76239878,76239878,MARLBORO GOLD,,1,27000,27000
26,4/3/2023,BOS,9.00E+12,9.00E+12,SURYA PRO MERAH,,1,20000,20000
62,8/23/2021,BOS,9.00E+12,9.00E+12,CORNETO SILVER QUEEN,,1,10000,10000
39,8/23/2024,BOS,8.89E+12,8.89E+12,AIR AQUA 1500ML,,3,8000,24000
82,12/18/2021,BOS,8.99E+12,8.99E+12,SPRITE LEMON LIME 390ML,,1,7000,7000
156,5/26/2024,BOS,76239878,76239878,MARLBORO GOLD,,1,30000,30000
7,3/17/2023,BOS,9.00E+12,9.00E+12,PADDLE POP SHAKY SHAKE,,1,10000,10000
51,11/26/2024,BOS,C,C,CEMILAN,,3,1000,3000
49,10/31/2019,BOS,8.99E+12,8.99E+12,SCHWEPPES (AIR TONIK),,1,10000,10000
7,4/24/2025,BOS,rotii,rotii,ROTI 3000,,1,3000,3000
68,9/18/2024,BOS,8.89E+12,8.89E+12,AIR AQUA 1500ML,,1,8000,8000
112,7/8/2019,BOS,42139447,42139447,CAMEL WHITE,,1,21000,21000
121,3/5/2020,BOS,9.00E+12,9.00E+12,BEER BINTANG BESAR 720ML,,6,38000,228000
125,2/6/2023,BOS,GA,GA,GELAS + AIR,,2,1500,3000
65,6/13/2022,BOS,C,C,CEMILAN,,5,1000,5000
65,7/4/2021,BOS,9.00E+12,9.00E+12,DUNHILL HITAM,,1,20000,20000
222,5/16/2020,BOS,8.85E+12,8.85E+12,MOGU MOGU COCONUT,,1,10000,10000
199,11/21/2021,BOS,8.99E+12,8.99E+12,SPRITE LEMON 1L,,1,15000,15000
175,8/9/2024,BOS,8.99E+12,8.99E+12,BLACK JACK,,1,26000,26000
40,1/31/2023,BOS,42139447,42139447,CAMEL WHITE,,1,25000,25000
99,8/21/2022,BOS,9.00E+12,9.00E+12,TEH KOTAK 200ML,,1,5000,5000
24,7/8/2021,BOS,9.00E+12,9.00E+12,SUNSILK,,1,30000,30000
127,3/30/2019,BOS,es,es,ES CUBE,,1,15000,15000
119,12/29/2023,BOS,9.31E+12,9.31E+12,INDOCAFE COFFEEMIX 3 IN 1 20G,,1,1500,1500
122,7/25/2019,BOS,9.00E+12,9.00E+12,BEER BINTANG BESAR 720ML,,2,38000,76000
32,10/12/2020,BOS,76239878,76239878,MARLBORO GOLD,,1,30000,30000
26,4/16/2025,BOS,8.89E+12,8.89E+12,AIR AQUA 1500ML,,1,8000,8000
190,11/27/2022,BOS,9.00E+12,9.00E+12,SAMPOERNA MILD 12,,1,18000,18000
43,9/10/2024,BOS,9.00E+12,9.00E+12,FEAST DOUBLE,,1,8000,8000
135,3/2/2019,BOS,9.00E+12,9.00E+12,SURYA 12,,1,20000,20000
52,2/6/2021,BOS,8.69E+12,8.69E+12,MAGNUM DOUBLE COKLAT,,1,20000,20000
49,11/2/2025,BOS,GLN,GLN,AIR GALON,,1,20000,20000
71,3/24/2024,BOS,9.00E+12,9.00E+12,CORNETO SILVER QUEEN,,1,10000,10000
58,6/24/2024,BOS,8.89E+12,8.89E+12,AIR AQUA 1500ML,,1,8000,8000
167,3/17/2022,BOS,9.00E+12,9.00E+12,GUDANG GARAM FILTER,,2,20000,40000
37,2/2/2020,BOS,8.89E+12,8.89E+12,AIR AQUA 1500ML,,1,8000,8000
114,11/9/2023,BOS,9.00E+12,9.00E+12,SAMPOERNA MILD 12,,1,18000,18000
100,11/14/2025,BOS,9.00E+12,9.00E+12,BEER BINTANG 330ML,,4,26000,104000
91,8/6/2025,BOS,8.99E+12,8.99E+12,COLA COLA 25OML,,1,5000,5000
35,3/11/2019,BOS,C,C,CEMILAN,,1,1000,1000
137,11/6/2025,BOS,9.00E+12,9.00E+12,PUCUK HARUM,,1,4000,4000
117,3/22/2020,BOS,8.99E+12,8.99E+12,IN MILD MENTHOL,,1,18000,18000
39,12/16/2021,BOS,2111,2111,ROTI 1500,,2,1500,3000
150,5/23/2025,BOS,9.00E+12,9.00E+12,YOU-C1000 LEMON WATER 500ML,,1,8000,8000
89,1/14/2021,BOS,8.99E+12,8.99E+12,PROCLIN SAET,,1,3000,3000
128,11/22/2025,BOS,9.00E+12,9.00E+12,CLOESEUP,,1,15000,15000
149,6/15/2019,BOS,9.00E+12,9.00E+12,PADDLE POP SHAKY SHAKE,,1,10000,10000
90,8/22/2022,BOS,8.99E+12,8.99E+12,FANTA JERUK 250ML,,1,5000,5000
72,7/8/2019,BOS,C,C,CEMILAN,,3,1000,3000
81,12/3/2021,BOS,AP110,AP110,AMPLOP PAPERLINE 110,,22,2000,44000
158,3/31/2020,BOS,8.99E+12,8.99E+12,GOOD DAY MOCACINNO,,1,2000,2000
55,11/16/2023,BOS,9.00E+12,9.00E+12,sari gandum,,1,3000,3000
22,7/7/2023,BOS,8.89E+12,8.89E+12,AIR AQUA 1500ML,,1,8000,8000
166,3/11/2025,BOS,76164217,76164217,MARLBORO MERAH,,1,27000,27000
37,8/5/2025,BOS,8.89E+12,8.89E+12,AIR AQUA 1500ML,,1,8000,8000
124,8/25/2025,BOS,C,C,CEMILAN,,3,1000,3000
86,1/23/2025,BOS,9.56E+12,9.56E+12,NESCAFE LATTE,,1,12000,12000
15,9/1/2019,BOS,8.89E+12,8.89E+12,AIR AQUA 1500ML,,1,8000,8000
130,7/10/2019,BOS,89686060027,89686060027,POP MIE AYAM,,3,6000,18000
1,7/18/2020,BOS,6.91E+12,6.91E+12,SNICKERS 51G,,1,12000,12000
28,6/23/2021,BOS,200,200,MASKER,,2,15000,30000
70,12/13/2025,BOS,76239878,76239878,MARLBORO GOLD,,1,30000,30000
82,9/8/2025,BOS,9.00E+12,9.00E+12,POCARI SWEAT 500ML,,1,8000,8000
52,5/2/2020,BOS,8.89E+12,8.89E+12,AIR AQUA 500 ML,,1,5000,5000
176,9/6/2024,BOS,9.00E+12,9.00E+12,MIE SEDAP GORENG 90G,,3,3000,9000
70,11/22/2019,BOS,8.99E+12,8.99E+12,KACANG KULIT GARUDA BAWANG 65G,,1,8000,8000
184,6/11/2022,BOS,9.00E+12,9.00E+12,AUTAN LOTION,,1,35000,35000
50,8/25/2020,BOS,9.00E+12,9.00E+12,EVEREADY,,1,25000,25000
71,3/13/2023,BOS,GLN,GLN,AIR GALON,,2,20000,40000
64,8/27/2024,BOS,8.89E+12,8.89E+12,AIR AQUA 1500ML,,1,8000,8000
181,3/21/2021,BOS,8.99E+12,8.99E+12,GOOD DAY CAPPUCCINO 25G,,1,2000,2000
69,8/28/2020,BOS,8.99E+12,8.99E+12,COCA-COLA ZERO KLG 330ML,,1,10000,10000
124,10/4/2019,BOS,89686598353,89686598353,CHITATO ORIGINAL 68G,,1,13000,13000
36,4/3/2022,BOS,9.00E+12,9.00E+12,LARUTAN CAP KAKI TIGA 200ML,,1,5000,5000
9,3/4/2025,BOS,9.00E+12,9.00E+12,ROMA BISKUIT KELAPA 300G,,1,10000,10000
96,8/6/2022,BOS,8.99E+12,8.99E+12,GOOD DAY CAPPUCCINO 25G,,1,2000,2000
81,6/30/2022,BOS,C,C,CEMILAN,,2,1000,2000
19,10/26/2019,BOS,gas,gas,GAS BSAR,,1,128000,128000
93,6/15/2019,BOS,C,C,CEMILAN,,2,1000,2000
27,1/26/2023,BOS,8.99E+12,8.99E+12,AIR VIT 1500ML,,1,8000,8000
112,3/24/2023,BOS,9.00E+12,9.00E+12,MAGNUM MACADAIMA,,1,15000,15000
46,1/3/2022,BOS,76239878,76239878,MARLBORO GOLD,,1,30000,30000
72,8/16/2023,BOS,9.56E+12,9.56E+12,NESCAFE LATTE,,1,12000,12000
128,5/3/2023,BOS,0,0,KOREK CRICKET,,1,5000,5000
126,4/24/2019,BOS,9.00E+12,9.00E+12,TEH BOTOL SOSRO ORIGINAL 450ML,,1,8000,8000
4,12/23/2024,BOS,8.99E+12,8.99E+12,INDOMILK STRAWBERRY 190ML,,1,5000,5000
81,11/4/2022,BOS,76164217,76164217,MARLBORO MERAH,,1,27000,27000
15,3/31/2023,BOS,76239878,76239878,MARLBORO GOLD,,1,27000,27000
54,1/23/2019,BOS,9.00E+12,9.00E+12,CLEO GALON,,1,25000,25000
48,7/10/2023,BOS,8.99E+12,8.99E+12,GOOD DAY CAPPUCCINO 25G,,1,2000,2000
102,6/30/2025,BOS,9.00E+12,9.00E+12,ULTRA MILK FULL CREAM 250ML,,1,8000,8000
157,12/28/2019,BOS,C,C,CEMILAN,,3,1000,3000
64,7/23/2023,BOS,C,C,CEMILAN,,8,1000,8000
1,9/5/2020,BOS,7.62E+12,7.62E+12,OREO STRAWBERRY,,1,10000,10000
123,7/24/2023,BOS,C,C,CEMILAN,,4,1000,4000
86,6/28/2019,BOS,8.99E+12,8.99E+12,INDOMILK KENTAL MANIS 37G,,1,2000,2000
108,10/8/2020,BOS,9.00E+12,9.00E+12,KOPIKO,,1,6000,6000
3,8/29/2020,BOS,8.99E+12,8.99E+12,GERY SALUT COCONUT 105G,,1,8000,8000
110,5/12/2025,BOS,9.00E+12,9.00E+12,POCARI SWEAT 250ML,,1,7000,7000
34,11/13/2023,BOS,8.99E+12,8.99E+12,FRESTEA APEL 350 ML,,1,5000,5000
188,6/23/2025,BOS,9.00E+12,9.00E+12,A SATU 16,,1,15000,15000
131,1/8/2019,BOS,76239878,76239878,MARLBORO GOLD,,1,28000,28000
86,4/11/2023,BOS,8.99E+12,8.99E+12,CRYSTAL,,1,14000,14000
28,9/11/2023,BOS,110,110,CHOK-CHOK CHOCOLATE,,1,40000,40000
150,9/26/2019,BOS,9.00E+12,9.00E+12,FEAST VANILA,,1,10000,10000
129,1/4/2020,BOS,0,0,KOREK CRICKET,,1,5000,5000
96,1/9/2019,BOS,8.99E+12,8.99E+12,FANTA STRAWBERY 390ML,,1,7000,7000
20,11/21/2025,BOS,9.00E+12,9.00E+12,TEH BOTOL SOSRO ORIGINAL 450ML,,2,8000,16000
100,4/4/2021,BOS,GA,GA,GELAS + AIR,,2,1500,3000
17,3/27/2022,BOS,9.00E+12,9.00E+12,LARUTAN CAP KAKI TIGA 200ML,,1,5000,5000
36,8/11/2022,BOS,9.00E+12,9.00E+12,GUDANG GARAM FILTER,,1,20000,20000
172,1/6/2024,BOS,es,es,ES CUBE,,2,15000,30000
30,6/15/2025,BOS,8.99E+12,8.99E+12,MINUTE MAID PULPY ORANGE,,1,7000,7000
18,8/14/2020,BOS,8.99E+12,8.99E+12,FULLO VANILLA,,3,1000,3000
130,12/14/2023,BOS,2111,2111,ROTI 1500,,1,1500,1500
134,1/15/2019,BOS,9.00E+12,9.00E+12,BINTANG READLER LEMON KLG,,1,24000,24000
74,4/23/2025,BOS,42139447,42139447,CAMEL WHITE,,1,21000,21000
97,5/12/2021,BOS,GA,GA,GELAS + AIR,,1,1500,1500
48,7/17/2025,BOS,8.99E+12,8.99E+12,SAN MIGUEL 330 ML,,4,29000,116000
179,8/13/2023,BOS,C,C,CEMILAN,,3,1000,3000
86,7/20/2020,BOS,GAS K,GAS K,GAS KECIL,,1,23000,23000
182,5/9/2024,BOS,8.99E+12,8.99E+12,NU MILK TEA,,1,8000,8000
9,12/14/2025,BOS,8.89E+12,8.89E+12,AIR AQUA 1500ML,,1,8000,8000
26,5/22/2019,BOS,8.89E+12,8.89E+12,AIR AQUA 500 ML,,1,5000,5000
107,12/2/2025,BOS,9.00E+12,9.00E+12,A SATU KECIL,,2,11000,22000
19,6/3/2021,BOS,8.89E+12,8.89E+12,AIR AQUA 1500ML,,1,8000,8000
155,6/3/2025,BOS,9.00E+12,9.00E+12,autan sahset,,1,2000,2000
139,11/29/2021,BOS,9.00E+12,9.00E+12,ENERGEN KACANG HIJAU 30G,,1,1500,1500
45,2/10/2022,BOS,8.99E+12,8.99E+12,FANTA JERUK 390ML,,1,7000,7000
189,8/3/2019,BOS,76239878,76239878,MARLBORO GOLD,,1,27000,27000
97,4/10/2023,BOS,9.00E+12,9.00E+12,MARLBORO ICE BURST,,2,28000,56000
155,12/13/2024,BOS,9.00E+12,9.00E+12,BEER BINTANG BESAR 720ML,,1,38000,38000
8,5/2/2025,BOS,8.99E+12,8.99E+12,FULLO,,1,500,500
93,4/5/2019,BOS,1.41E+12,100,ROTI,,1,2000,2000
127,2/20/2021,BOS,LG,LG,LEM G,,1,7000,7000
21,9/29/2022,BOS,9.00E+12,9.00E+12,ULTRA MILK STRAWBERRY 250ML,,1,8000,8000
166,8/16/2025,BOS,9.00E+12,9.00E+12,SAMPOERNA MENTHOL BURST,,1,25000,25000
23,8/18/2025,BOS,9.00E+12,9.00E+12,LARUTAN CAP KAKI TIGA 500ML,,1,8000,8000
16,8/17/2023,BOS,8.99E+12,8.99E+12,KOPI ABC KOPI + SUSU 31G,,1,1500,1500
30,7/2/2024,BOS,8.99E+12,8.99E+12,COCA-COLA ZERO KLG 330ML,,1,10000,10000
142,9/16/2021,BOS,8.89E+12,8.89E+12,PRINGLES CHEESY CHEESE 107G,,1,25000,25000
42,12/3/2021,BOS,8.89E+12,8.89E+12,AIR AQUA 1500ML,,1,8000,8000
75,1/24/2025,BOS,0,0,KOREK CRICKET,,1,5000,5000
112,8/2/2019,BOS,9.00E+12,9.00E+12,MIE SEDAP GORENG 90G,,2,3000,6000
119,3/6/2024,BOS,76164217,76164217,MARLBORO MERAH,,1,27000,27000
106,1/15/2022,BOS,9.00E+12,9.00E+12,SURYA 12,,1,20000,20000
96,11/8/2024,BOS,8.99E+12,8.99E+12,KOPI BANYUATIS ORIGINAL 23GR,,2,1500,3000
120,4/17/2020,BOS,9.00E+12,9.00E+12,YOU-C1000 LEMON WATER 500ML,,1,8000,8000
10,4/23/2025,BOS,GA,GA,GELAS + AIR,,2,1500,3000
117,10/12/2024,BOS,8.89E+12,8.89E+12,PRINGLES SOUR CREAM & ONION,,1,25000,25000
114,10/6/2020,BOS,RAM,RAM,RAMAYANA,,1,5000,5000
87,2/23/2019,BOS,9.00E+12,9.00E+12,BEER BINTANG 330ML,,1,26000,26000
94,6/3/2025,BOS,8.99E+12,8.99E+12,MENTOS RAINBOW,,1,3000,3000
114,3/1/2022,BOS,8.99E+12,8.99E+12,CHACHA MILK CHOCHO,,2,7000,14000
151,10/12/2024,BOS,RAR001,RAR001,AIRLANGGA S KUNING,,1,75000,75000
89,12/26/2020,BOS,89981115,89981115,LUCKY STRIKE BLUE,,1,22000,22000
213,4/9/2022,BOS,9.00E+12,9.00E+12,SMIRNOFF GREEN APPLE,,1,30000,30000
101,5/14/2025,BOS,8.99E+12,8.99E+12,MIZONE CRANBERRY 500ML,,1,8000,8000
73,1/23/2025,BOS,9.00E+12,9.00E+12,FRUIT TEA,,1,5000,5000
101,3/10/2025,BOS,8.99E+12,8.99E+12,SPRITE WATERLYMON,,1,8000,8000
45,12/15/2021,BOS,76239878,76239878,MARLBORO GOLD,,1,27000,27000
13,11/11/2019,BOS,C,C,CEMILAN,,1,1000,1000
135,11/28/2025,BOS,9.00E+12,9.00E+12,WALL'S SOLERO,,1,5000,5000
129,12/31/2024,BOS,9.00E+12,9.00E+12,POCARI SWEAT 500ML,,1,8000,8000
123,6/15/2019,BOS,9.00E+12,9.00E+12,TEH PUCUK HARUM 240 ML,,1,8000,8000
73,12/29/2019,BOS,8.99E+12,8.99E+12,ADEM SARI CHING KU CAN 320 ML,,1,8000,8000
64,8/25/2019,BOS,9.00E+12,9.00E+12,SAMPOERNA KRETEK,,1,13000,13000
131,6/17/2021,BOS,6.91E+12,6.91E+12,SNICKERS 51G,,1,12000,12000
91,5/13/2022,BOS,4.03E+12,4.03E+12,CAMEL PURPLE,,1,18000,18000
120,9/24/2024,BOS,9.00E+12,9.00E+12,DUNHILL WHITE,,1,25000,25000
10,9/1/2020,BOS,8.89E+12,8.89E+12,AIR AQUA 1500ML,,1,8000,8000
67,6/1/2019,BOS,8.99E+12,8.99E+12,NEXTAR COKELAT,,1,3000,3000
31,7/22/2019,BOS,9.00E+12,9.00E+12,BEER BINTANG 330ML,,1,26000,26000
176,6/2/2022,BOS,8.85E+12,8.85E+12,POCKY CHOCO BANANA,,1,12000,12000
100,12/4/2024,BOS,8.99E+12,8.99E+12,LUWAK WHITE KOFFIE ORIGINAL,,1,1500,1500
78,7/15/2019,BOS,8.99E+12,8.99E+12,IN MILD MERAH,,1,18000,18000
124,9/6/2024,BOS,9.00E+12,9.00E+12,DUNHILL HITAM,,1,20000,20000
34,6/25/2024,BOS,8.99E+12,8.99E+12,GOOD DAY TIRAMISU BLISS 250ML,,1,8000,8000
121,12/20/2020,BOS,8.89E+12,8.89E+12,AIR AQUA 1500ML,,2,8000,16000
80,4/1/2022,BOS,8.99E+12,8.99E+12,HAPPY TOS NACHO CHEESE 140G,,1,17000,17000
3,7/6/2021,BOS,8.99E+12,8.99E+12,GERY SALUT 18G,,2,1500,3000
45,10/22/2024,BOS,1231233,1231233,WINSTON RED,,1,22000,22000
58,1/28/2023,BOS,8.89E+12,8.89E+12,AIR AQUA 1500ML,,2,8000,16000
63,7/20/2023,BOS,9.00E+12,9.00E+12,ESSE BLUE,,2,27000,54000
8,4/7/2019,BOS,9.00E+12,9.00E+12,ESSE MILD MENTHOL,,1,21000,21000
32,1/20/2022,BOS,8.99E+12,8.99E+12,CHACHA PEANUT,,1,7000,7000
15,2/3/2021,BOS,8.89E+12,8.89E+12,AIR AQUA 1500ML,,1,8000,8000
146,7/29/2025,BOS,8.99E+12,8.99E+12,EXTRAJOSS SACHET,,1,1500,1500
145,7/19/2022,BOS,RT01,RT01,ROTI SISIR,,1,9000,9000
158,3/10/2021,BOS,9.00E+12,9.00E+12,TEH BOTOL SOSRO ORIGINAL 450ML,,1,8000,8000
58,12/24/2019,BOS,9.00E+12,9.00E+12,DJ SAM SOE KRETEK,,1,18000,18000
5,11/21/2019,BOS,9.00E+12,9.00E+12,GUDANG GARAM FILTER,,1,18000,18000
180,12/24/2022,BOS,9.00E+12,9.00E+12,BEER BINTANG BESAR 720ML,,1,38000,38000
41,8/21/2023,BOS,9.00E+12,9.00E+12,ULTRA MILK COLKEAT 250ML,,1,8000,8000
14,7/31/2022,BOS,GA,GA,GELAS + AIR,,2,1500,3000
17,6/12/2022,BOS,8.99E+12,8.99E+12,IN MILD MERAH,,1,18000,18000
5,1/30/2019,BOS,8.99E+12,8.99E+12,GOOD DAY CAPPUCCINO 25G,,1,2000,2000
48,10/13/2023,BOS,8.89E+12,8.89E+12,AIR AQUA 500 ML,,1,5000,5000
32,3/4/2021,BOS,9.00E+12,9.00E+12,REDBULL ENERGY DRINK,,1,25000,25000
60,10/17/2022,BOS,42139447,42139447,CAMEL WHITE,,1,21000,21000
123,5/29/2021,BOS,76239878,76239878,MARLBORO GOLD,,1,27000,27000
75,4/18/2022,BOS,8.99E+12,8.99E+12,HAPPYDENT 14G,,2,6000,12000
156,8/21/2024,BOS,9.00E+12,9.00E+12,A SATU KECIL,,1,13000,13000
23,8/18/2023,BOS,8.89E+12,8.89E+12,AIR AQUA 1500ML,,1,8000,8000
6,8/5/2021,BOS,8.99E+12,8.99E+12,APACHE 16,,1,17000,17000
76,9/11/2025,BOS,8.89E+12,8.89E+12,AIR AQUA 500 ML,,1,5000,5000
15,9/1/2024,BOS,C,C,CEMILAN,,1,1000,1000
96,2/5/2019,BOS,9.00E+12,9.00E+12,GUDANG GARAM FILTER,,1,20000,20000
49,7/24/2025,BOS,76239878,76239878,MARLBORO GOLD,,1,28000,28000
93,4/22/2025,BOS,9.00E+12,9.00E+12,BEER BINTANG 330ML,,6,26000,156000
173,3/28/2020,BOS,8.99E+12,8.99E+12,OREO ORIGINAL 137G,,1,10000,10000
34,9/19/2024,BOS,GAS K,GAS K,GAS KECIL,,1,23000,23000
101,12/2/2022,BOS,8.99E+12,8.99E+12,KACANG GANGSAR,,1,6000,6000
154,8/10/2023,BOS,8.99E+12,8.99E+12,HAPPY TOS CORN CHIPS 160G,,1,17000,17000
124,4/4/2022,BOS,9.00E+12,9.00E+12,BEER BINTANG 330ML,,3,26000,78000
15,4/1/2024,BOS,9.00E+12,9.00E+12,ORANGE WATER 500ML,,1,8000,8000
29,1/15/2025,BOS,9.00E+12,9.00E+12,SAMPOERNA MILD,,1,24000,24000
168,11/20/2021,BOS,8.99E+12,8.99E+12,good day,,1,8000,8000
143,3/22/2023,BOS,8.89E+12,8.89E+12,AIR AQUA 1500ML,,2,8000,16000
125,2/12/2020,BOS,9.00E+12,9.00E+12,BEER BINTANG 330ML,,1,26000,26000
100,5/3/2025,BOS,9.56E+12,9.56E+12,DOUBLEMINT13.5G,,1,4000,4000
60,4/29/2019,BOS,8.89E+12,8.89E+12,AIR AQUA 1500ML,,1,8000,8000
265,6/22/2021,BOS,89981115,89981115,LUCKY STRIKE BLUE,,1,24000,24000
147,12/4/2021,BOS,7.62E+12,7.62E+12,BELVITA PISANG & SEREAL 80G,,1,10000,10000
15,9/24/2024,BOS,9.00E+12,9.00E+12,SURYA 12,,1,20000,20000
162,1/4/2022,BOS,9.00E+12,9.00E+12,MARLBORO ICE BURST,,1,30000,30000
140,9/2/2023,BOS,0,0,KOREK CRICKET,,1,5000,5000
60,3/1/2025,BOS,9.00E+12,9.00E+12,matoh,,1,20000,20000
88,6/26/2023,BOS,76164217,76164217,MARLBORO MERAH,,1,30000,30000
49,2/3/2021,BOS,89686067002,89686067002,POP MIE KUAH PEDES DOWER,,1,6000,6000
54,7/30/2023,BOS,C,C,CEMILAN,,4,1000,4000
98,6/13/2023,BOS,9.00E+12,9.00E+12,SAMPOERNA MILD,,1,24000,24000
97,2/9/2020,BOS,9.00E+12,9.00E+12,ESSE MILD MENTHOL,,1,24000,24000
193,12/3/2025,BOS,8.99E+12,8.99E+12,CHACHA PEANUT,,1,7000,7000
260,12/16/2019,BOS,9.00E+12,9.00E+12,ULTRA MILK COLKEAT 250ML,,1,8000,8000
101,4/10/2020,BOS,89686598353,89686598353,CHITATO ORIGINAL 68G,,1,13000,13000
121,6/27/2023,BOS,76164217,76164217,MARLBORO MERAH,,1,27000,27000
137,5/5/2020,BOS,8.89E+12,8.89E+12,ALKALINE AA 2 PCS,,1,15000,15000
142,4/14/2020,BOS,9.00E+12,9.00E+12,MARLBORO ICE BURST,,1,30000,30000
191,9/6/2022,BOS,9.00E+12,9.00E+12,HYDRO COCO 500 ML,,2,14000,28000
176,4/5/2025,BOS,8.99E+12,8.99E+12,COCA COLA ORIGINAL 390ML,,1,7000,7000
41,4/6/2021,BOS,8.99E+12,8.99E+12,HAPPY TOS TORTILLA CHIPS 160G,,1,17000,17000
104,2/6/2023,BOS,8.89E+12,8.89E+12,AIR AQUA 1500ML,,1,8000,8000
135,11/22/2020,BOS,8.99E+12,8.99E+12,GOOD DAY CAPPUCINO 250ML,,1,8000,8000
105,7/25/2021,BOS,9.00E+12,9.00E+12,POCARI SWEAT 500ML,,1,8000,8000
71,4/23/2024,BOS,8.99E+12,8.99E+12,L.A BOLD 20,,1,25000,25000
122,3/13/2023,BOS,9.00E+12,9.00E+12,SAMPOERNA KRETEK,,1,13000,13000
131,12/28/2021,BOS,0,0,KOREK CRICKET,,1,5000,5000
124,1/26/2022,BOS,9.00E+12,9.00E+12,BEER BINTANG BESAR 720ML,,2,38000,76000
50,1/30/2019,BOS,8.99E+12,8.99E+12,CHACHA PEANUT,,1,7000,7000
298,4/5/2023,BOS,8.89E+12,8.89E+12,BEER BALI HAI 330ML,,1,25000,25000
134,5/4/2024,BOS,9.00E+12,9.00E+12,BUAVITA GUAVA 250ML,,1,8000,8000
57,9/21/2021,BOS,9.00E+12,9.00E+12,Y C1000 LEMON,,1,7000,7000
42,5/7/2025,BOS,C,C,CEMILAN,,3,1000,3000
80,8/18/2022,BOS,8.99E+12,8.99E+12,GOOD DAY CAPPUCCINO 25G,,1,2000,2000
78,7/20/2023,BOS,8.99E+12,8.99E+12,COCA-COLA ORIGINAL KLG 330ML,,1,10000,10000
143,2/16/2019,BOS,9.00E+12,9.00E+12,FRUIT TEA GUAVA 500 ML,,1,8000,8000
164,6/16/2021,BOS,9.00E+12,9.00E+12,SURYA 12,,1,20000,20000
137,10/30/2020,BOS,C,C,CEMILAN,,1,1000,1000
136,7/13/2020,BOS,9.00E+12,9.00E+12,MIE SEDAP GORENG 90G,,1,3000,3000
88,10/20/2023,BOS,9.00E+12,9.00E+12,AVOLUTION ORIGINAL,,1,28000,28000
143,11/17/2020,BOS,9.00E+12,9.00E+12,BEER BINTANG BESAR 720ML,,1,38000,38000
132,5/5/2025,BOS,8.99E+12,8.99E+12,HYDRO COCO 250 ML,,2,7000,14000
52,12/20/2021,BOS,8.99E+12,8.99E+12,COCA COLA ORIGINAL 1L,,1,15000,15000
97,7/21/2019,BOS,8.89E+12,8.89E+12,AIR AQUA 1500ML,,1,8000,8000
65,10/1/2023,BOS,4.90E+12,4.90E+12,HEAD & SHOUDERS SUTERA 70ML,,1,18000,18000
4,7/16/2021,BOS,9.00E+12,9.00E+12,YOU-C1000 LEMON WATER 500ML,,1,8000,8000
31,6/20/2020,BOS,8.99E+12,8.99E+12,FANTA ANGGUR 390 ML,,1,7000,7000
48,6/13/2021,BOS,RT02,RT02,ROTI LINTANG BAKERY,,1,10000,10000
23,10/23/2020,BOS,9.00E+12,9.00E+12,MAGNUM WHITE ALMOND,BKS,1,15000,15000
131,5/6/2019,BOS,42139447,42139447,CAMEL WHITE,,1,21000,21000
39,9/22/2021,BOS,9.00E+12,9.00E+12,DJI SAMSOE KRETEK 16,,1,24000,24000
156,11/11/2021,BOS,9.00E+12,9.00E+12,TEB BOTOL,,1,8000,8000
132,1/17/2022,BOS,GAS K,GAS K,GAS KECIL,,2,23000,46000
65,2/12/2022,BOS,9.00E+12,9.00E+12,SAMPOERNA MILD,,1,24000,24000
52,9/10/2021,BOS,8.99E+12,8.99E+12,ADEM SARI CHING KU CAN 320 ML,,1,8000,8000
141,9/28/2023,BOS,9.00E+12,9.00E+12,ULTRA MILK STRAWBERRY 250ML,,1,8000,8000
138,7/22/2025,BOS,9.00E+12,9.00E+12,ALBENS APPLE & MANGO,,2,40000,80000
59,1/15/2021,BOS,8.99E+12,8.99E+12,FRESTEA APEL 500ML,,1,8000,8000
139,12/9/2019,BOS,9.00E+12,9.00E+12,BEER BINTANG BESAR 720ML,,1,38000,38000
172,3/22/2023,BOS,89981108,89981108,LUCKY STRIKE RED,,1,25000,25000
78,10/9/2020,BOS,9.00E+12,9.00E+12,DUNHILL HITAM,,1,22000,22000
8,11/29/2019,BOS,8.99E+12,8.99E+12,MITUBABY FRESH&CLEAN 4,,1,4000,4000
36,12/29/2023,BOS,es,es,ES CUBE,,1,15000,15000
134,9/24/2022,BOS,8.99E+12,8.99E+12,OREO ORIGINAL 137G,,1,10000,10000
15,4/3/2024,BOS,8.89E+12,8.89E+12,BENG-BENG,,1,2000,2000
91,9/3/2024,BOS,8.89E+12,8.89E+12,AIR AQUA 500 ML,,1,5000,5000
8,6/28/2024,BOS,2111,2111,ROTI 1500,,1,1500,1500
124,5/14/2025,BOS,9.00E+12,9.00E+12,A SATU 16,,1,13000,13000
140,9/8/2020,BOS,8.99E+12,8.99E+12,L.A BOLD 20,,1,25000,25000
180,8/12/2024,BOS,9.00E+12,9.00E+12,nivea men acne oil clear,,1,39000,39000
106,7/27/2025,BOS,8.99E+12,8.99E+12,NEXTAR NANAS 42G,,2,3000,6000
93,8/20/2019,BOS,GLN,GLN,AIR GALON,,1,20000,20000
23,6/24/2019,BOS,9.00E+12,9.00E+12,ULTRA MILK COLKEAT 250ML,,1,8000,8000
126,10/29/2019,BOS,8.89E+12,8.89E+12,AIR AQUA 500 ML,,1,5000,5000
51,4/21/2023,BOS,8.89E+12,8.89E+12,AIR AQUA 1500ML,,1,8000,8000
51,2/4/2024,BOS,9.00E+12,9.00E+12,SAMPOERNA MILD 12,,1,18000,18000
102,2/17/2022,BOS,C,C,CEMILAN,,6,1000,6000
139,6/4/2023,BOS,C,C,CEMILAN,,8,1000,8000
44,9/11/2021,BOS,2111,2111,ROTI 1500,,1,1500,1500
29,1/3/2024,BOS,8.99E+12,8.99E+12,SPRITE WATERLYMON,,1,8000,8000
158,1/11/2019,BOS,9.00E+12,9.00E+12,SAMPOERNA KRETEK,,1,13000,13000
2,2/26/2019,BOS,9.56E+12,9.56E+12,NESCAFE LATTE,,1,12000,12000
139,7/6/2023,BOS,SBS,SBS,PULPEN SNOWMAN V-5,,2,5000,10000
79,7/3/2025,BOS,9.00E+12,9.00E+12,DUNHILL WHITE,,1,24000,24000
67,11/10/2025,BOS,8.99E+12,8.99E+12,GERY SALUT COCONUT 105G,,1,8000,8000
130,2/21/2023,BOS,8.89E+12,8.89E+12,AIR AQUA 500 ML,,1,5000,5000
147,5/12/2021,BOS,9.00E+12,9.00E+12,ULTRA MILK COLKEAT 250ML,,1,8000,8000
73,3/8/2023,BOS,9.00E+12,9.00E+12,TEH PUCUK 350 ML,,1,5000,5000
174,11/10/2020,BOS,8.99E+12,8.99E+12,APACHE 16,,1,20000,20000
100,12/17/2021,BOS,FLG,FLG,FLUG MULTIMULPUS,,1,40000,40000
95,1/4/2025,BOS,8.99E+12,8.99E+12,L.A BOLD 20,,1,23000,23000
146,9/16/2024,BOS,rotii,rotii,ROTI 3000,,1,3000,3000
71,1/7/2024,BOS,9.00E+12,9.00E+12,CORNETO OREO,,1,10000,10000
113,10/30/2021,BOS,9.00E+12,9.00E+12,AVOLUTION ORIGINAL,,1,28000,28000
67,5/5/2024,BOS,9.00E+12,9.00E+12,TEH KOTAK 200ML,,1,5000,5000
179,11/8/2019,BOS,13256210468,13256210468,TONG GARDEN SALTED CASHEW NUTS,,1,25000,25000
55,11/22/2023,BOS,8.89E+12,8.89E+12,AIR AQUA 1500ML,,1,8000,8000
101,6/8/2022,BOS,9.00E+12,9.00E+12,SAMPOERNA MILD,,1,24000,24000
18,2/4/2023,BOS,8.99E+12,8.99E+12,GOOD DAY CAPPUCCINO 25G,,1,2000,2000
52,4/15/2020,BOS,9.00E+12,9.00E+12,MAGNUM MILD 20,,1,20000,20000
100,4/8/2023,BOS,C,C,CEMILAN,,3,1000,3000
42,9/3/2022,BOS,9.00E+12,9.00E+12,YOU-C1000 LEMON WATER 500ML,,1,8000,8000
74,3/15/2019,BOS,76239878,76239878,MARLBORO GOLD,,1,27000,27000
132,12/3/2023,BOS,9.00E+12,9.00E+12,BEER BINTANG KLG 500ML,,1,30000,30000
81,12/17/2023,BOS,8.99E+12,8.99E+12,MIZONE CRANBERRY 500ML,,1,8000,8000
76,8/10/2024,BOS,89981115,89981115,LUCKY STRIKE BLUE,,1,22000,22000
65,10/17/2021,BOS,C,C,CEMILAN,,8,1000,8000
45,8/14/2019,BOS,8.89E+12,8.89E+12,AIR AQUA 1500ML,,1,8000,8000
98,4/28/2023,BOS,8.99E+12,8.99E+12,AIR ADES 600ML,,1,5000,5000
189,7/13/2025,BOS,9.00E+12,9.00E+12,SMIRNOFF ICE,,1,30000,30000
91,2/23/2025,BOS,48933629,48933629,OB COMFORT,,1,80000,80000
15,10/14/2021,BOS,9.00E+12,9.00E+12,NIVEA BLACK & WHITE MAN,,1,25000,25000
18,8/21/2020,BOS,9.00E+12,9.00E+12,TEH PUCUK 350 ML,,1,5000,5000
14,12/11/2021,BOS,8.99E+12,8.99E+12,KOPI KAPAL API SPECIAL MIX 25G,,1,1500,1500
19,4/19/2024,BOS,9.00E+12,9.00E+12,BENG-BENG MAX,,1,4000,4000
28,4/16/2023,BOS,9.00E+12,9.00E+12,BEER BINTANG 330ML,,3,26000,78000
62,9/3/2025,BOS,9.00E+12,9.00E+12,MAGNUM CLASSIC,BKS,1,15000,15000
83,3/23/2024,BOS,9.00E+12,9.00E+12,YOU-C1000 ORANGE,,1,7000,7000
116,11/5/2024,BOS,8.99E+12,8.99E+12,ANTANGIN 15ML,,6,3000,18000
164,12/1/2020,BOS,76239878,76239878,MARLBORO GOLD,,1,27000,27000
101,4/21/2025,BOS,9.00E+12,9.00E+12,TEH BOTOL SOSRO ORIGINAL 350ML,,1,5000,5000
15,3/19/2023,BOS,8.89E+12,8.89E+12,AIR AQUA 500 ML,,1,5000,5000
121,9/30/2019,BOS,9.00E+12,9.00E+12,ORANGE WATER 500ML,,1,8000,8000
35,1/17/2020,BOS,9.00E+12,9.00E+12,ULTRA MILK COLKEAT 250ML,,1,8000,8000
67,9/29/2024,BOS,9.00E+12,9.00E+12,TEH CELUP SARI WANGI,,1,8000,8000
188,11/26/2023,BOS,9.00E+12,9.00E+12,THAI MILK,,1,8000,8000
33,8/9/2024,BOS,9.00E+12,9.00E+12,POCARI SWEAT 500ML,,1,8000,8000
124,5/28/2024,BOS,9.00E+12,9.00E+12,TEH BOTOL SOSRO ORIGINAL 350ML,,1,5000,5000
18,10/28/2023,BOS,211,211,GALON KOSONG,,1,50000,50000
88,7/7/2025,BOS,8.99E+12,8.99E+12,AIR VIT 1500ML,,1,8000,8000
120,4/20/2019,BOS,8.99E+12,8.99E+12,MINUTE MAID PULPY ORANGE,,2,7000,14000
107,5/21/2022,BOS,8.99E+12,8.99E+12,NESCAFE 3ORIGINAL 3 IN 1 17.5G,,1,1500,1500
140,4/29/2024,BOS,8.99E+12,8.99E+12,COCA-COLA ORIGINAL KLG 330ML,,1,10000,10000
85,7/20/2021,BOS,9.00E+12,9.00E+12,POCARI SWEAT 2L,,1,25000,25000
13,2/7/2020,BOS,8.99E+12,8.99E+12,INDOMILK KENTAL MANIS 37G,,1,2000,2000
198,1/25/2021,BOS,8.99E+12,8.99E+12,COCA COLA ORIGINAL 1L,,2,15000,30000
123,5/13/2021,BOS,9.00E+12,9.00E+12,BENG-BENG MAX,,1,4000,4000
161,10/31/2025,BOS,C,C,CEMILAN,,2,1000,2000
210,1/27/2021,BOS,C,C,CEMILAN,,8,1000,8000
75,10/21/2023,BOS,C,C,CEMILAN,,15,1000,15000
13,3/3/2025,BOS,9.00E+12,9.00E+12,SAMPOERNA MILD,,1,24000,24000
38,4/16/2021,BOS,8.99E+12,8.99E+12,LUWAK WHITE KOFFIE ORIGINAL,,1,1500,1500
140,12/3/2024,BOS,9.00E+12,9.00E+12,MARLBORO ICE BURST,,1,28000,28000
41,4/1/2020,BOS,9.00E+12,9.00E+12,SMIRNOFF ICE,,6,30000,180000
3,12/18/2024,BOS,9.00E+12,9.00E+12,TEH BOTOL SOSRO ORIGINAL 450ML,,1,8000,8000
99,12/1/2019,BOS,8.99E+12,8.99E+12,COCA COLA ORIGINAL 1L,,2,15000,30000
86,12/26/2020,BOS,9.00E+12,9.00E+12,TEH BOTOL SOSRO ORIGINAL 450ML,,1,8000,8000
19,11/20/2024,BOS,GLN,GLN,AIR GALON,,2,20000,40000
105,10/26/2022,BOS,76164217,76164217,MARLBORO MERAH,,1,27000,27000
106,9/19/2025,BOS,147,147,YAKULT,,1,2500,2500
148,5/15/2019,BOS,89981764,89981764,DUNHILL BLUE INTERNATIONAL,,2,30000,60000
96,6/25/2020,BOS,8.99E+12,8.99E+12,GOOD DAY CAPPUCCINO 25G,,1,2000,2000
80,10/2/2025,BOS,8.99E+12,8.99E+12,AIR VIT 500ML,,1,5000,5000
21,2/7/2019,BOS,76239878,76239878,MARLBORO GOLD,,1,30000,30000
85,6/22/2022,BOS,9.00E+12,9.00E+12,ULTRA MILK FULL CREAM 250ML,,1,8000,8000
167,10/21/2023,BOS,9.00E+12,9.00E+12,TEH PUCUK 350 ML,,1,5000,5000
124,8/20/2021,BOS,8.99E+12,8.99E+12,GOOD MOOD BLACKCURRANT,,1,5000,5000
64,10/17/2022,BOS,C,C,CEMILAN,,2,1000,2000
1,2/27/2022,BOS,8.89E+12,8.89E+12,AIR AQUA 1500ML,,1,8000,8000
12,2/20/2021,BOS,GA,GA,GELAS + AIR,,1,1500,1500
171,7/26/2025,BOS,C,C,CEMILAN,,2,1000,2000
138,4/21/2021,BOS,8.99E+12,8.99E+12,COCA-COLA ZERO KLG 330ML,,1,10000,10000
139,12/25/2023,BOS,9.00E+12,9.00E+12,TEH PUCUK 350 ML,,1,5000,5000
194,1/7/2021,BOS,8.89E+12,8.89E+12,AIR AQUA 500 ML,,1,5000,5000
117,7/13/2024,BOS,13256140406,13256140406,TONG GARDEN HONEY PEANUTS 42G,,1,10000,10000
136,3/4/2023,BOS,7.62E+12,7.62E+12,OREO DARK AND WHITE CHOCOLATE,,1,10000,10000
14,11/24/2025,BOS,C,C,CEMILAN,,2,1000,2000
132,3/13/2021,BOS,9.00E+12,9.00E+12,MAGNUM FILTER,,1,18000,18000
99,3/2/2023,BOS,89686067002,89686067002,POP MIE KUAH PEDES DOWER,,2,6000,12000
60,8/16/2024,BOS,9.00E+12,9.00E+12,TEH KOTAK 200ML,,1,5000,5000
101,2/14/2021,BOS,9.00E+12,9.00E+12,TEH PUCUK 350 ML,,1,5000,5000
142,3/19/2020,BOS,9.00E+12,9.00E+12,FLORIDINA,,1,5000,5000
109,3/23/2022,BOS,9.00E+12,9.00E+12,ESSE BERRY POP,,1,20000,20000
128,10/24/2025,BOS,89686010343,89686010343,INDOMIE SOTO MIE 70G,,3,3000,9000
29,9/16/2024,BOS,GAS K,GAS K,GAS KECIL,,1,23000,23000
153,9/11/2020,BOS,50604159,50604159,fishermans friend,,1,20000,20000
147,5/23/2024,BOS,9.00E+12,9.00E+12,TEH PUCUK HARUM 240 ML,,1,8000,8000
36,9/10/2020,BOS,76239878,76239878,MARLBORO GOLD,,1,27000,27000
2,2/10/2024,BOS,9.00E+12,9.00E+12,BUAVITA ORANGE 250ML,,1,7000,7000
30,5/30/2021,BOS,9.00E+12,9.00E+12,MALKIST ROMA CRACKERS,,2,1500,3000
161,7/22/2020,BOS,9.00E+12,9.00E+12,ALBENS APPLE & MANGO,,1,40000,40000
133,1/27/2019,BOS,9.00E+12,9.00E+12,YOU-C1000 LEMON,,1,7000,7000
101,2/15/2020,BOS,8.99E+12,8.99E+12,MITUBABY CHANGING 10,,1,7000,7000
90,10/12/2019,BOS,9.00E+12,9.00E+12,ESSE CHANGE GRAPPE,,1,25000,25000
165,6/8/2023,BOS,8.99E+12,8.99E+12,SPRITE KLG 330ML,,1,10000,10000
118,10/15/2023,BOS,76164217,76164217,MARLBORO MERAH,,1,30000,30000
195,1/21/2019,BOS,9.00E+12,9.00E+12,BEER BINTANG BESAR 720ML,,1,38000,38000
154,1/31/2025,BOS,9.00E+12,9.00E+12,A SATU KECIL,,1,13000,13000
15,10/18/2020,BOS,8.99E+12,8.99E+12,OREO ORIGINAL 137G,,1,10000,10000
63,2/25/2021,BOS,GLN,GLN,AIR GALON,,2,20000,40000
31,8/7/2023,BOS,76239878,76239878,MARLBORO GOLD,,1,30000,30000
52,5/30/2023,BOS,9.00E+12,9.00E+12,ESSE BLUE,,1,25000,25000
142,4/15/2021,BOS,76239878,76239878,MARLBORO GOLD,,1,27000,27000
64,2/22/2022,BOS,8.89E+12,8.89E+12,BENG-BENG,,2,2000,4000
55,2/19/2022,BOS,9.00E+12,9.00E+12,POP MIE SEDAP SOTO 81G,,1,7000,7000
138,11/12/2021,BOS,89686010947,89686010947,INDOMIE GORENG 85G,,1,3000,3000
100,3/12/2020,BOS,8.99E+12,8.99E+12,DJARUM SUPER,,1,23000,23000
124,10/15/2019,BOS,8.99E+12,8.99E+12,BEAR BRAND 189ML,,2,12000,24000
28,10/13/2020,BOS,8.99E+12,8.99E+12,AIR ADES 600ML,,1,5000,5000
32,9/3/2022,BOS,8.99E+12,8.99E+12,FRENCH 2000,,3,2000,6000
38,5/22/2022,BOS,9.56E+12,9.56E+12,NESCAFE ORIGINAL,,1,12000,12000
98,1/4/2020,BOS,9.00E+12,9.00E+12,SAMPOERNA MILD,,1,24000,24000
93,11/22/2021,BOS,9.00E+12,9.00E+12,BEER BINTANG BESAR 720ML,,1,38000,38000
101,6/10/2022,BOS,9.00E+12,9.00E+12,TEH KOTAK 200ML,,1,5000,5000
160,12/16/2023,BOS,89686060027,89686060027,POP MIE AYAM,,1,6000,6000
45,4/18/2022,BOS,8.99E+12,8.99E+12,COOLANT 175 ML,,1,7000,7000
292,1/6/2019,BOS,9.00E+12,9.00E+12,HYDRO COCO 500 ML,,1,14000,14000
50,12/6/2025,BOS,9.00E+12,9.00E+12,DUNHILL HITAM,,1,22000,22000
105,8/12/2025,BOS,8.89E+12,8.89E+12,AIR AQUA 1500ML,,1,8000,8000
90,5/6/2019,BOS,8.89E+12,8.89E+12,AIR AQUA 1500ML,,1,8000,8000
123,10/16/2025,BOS,9.00E+12,9.00E+12,TEH BOTOL SOSRO ORIGINAL 350ML,,1,5000,5000
44,11/17/2019,BOS,89686010343,89686010343,INDOMIE SOTO MIE 70G,,1,3000,3000
3,10/17/2023,BOS,8.99E+12,8.99E+12,COCA COLA ORIGINAL 1L,,1,15000,15000
132,11/21/2021,BOS,C,C,CEMILAN,,4,1000,4000
144,3/5/2020,BOS,C,C,CEMILAN,,1,1000,1000
152,4/26/2022,BOS,8.99E+12,8.99E+12,TANGO VANILA,,1,2500,2500
19,2/17/2024,BOS,C,C,CEMILAN,,1,1000,1000
79,11/15/2024,BOS,9.00E+12,9.00E+12,POCARI SWEAT 500ML,,1,8000,8000
117,8/19/2019,BOS,8.99E+12,8.99E+12,OREO PEANUT BUTTER & CHOCOLATE,,1,10000,10000
101,8/2/2022,BOS,C,C,CEMILAN,,8,1000,8000
138,5/13/2022,BOS,9.00E+12,9.00E+12,SAMPOERNA MILD,,1,24000,24000
138,10/24/2022,BOS,8.99E+12,8.99E+12,GOOD DAY CAPPUCCINO 25G,,2,2000,4000
20,5/30/2022,BOS,9.56E+12,9.56E+12,DOUBLEMINT13.5G,,1,4000,4000
34,10/25/2023,BOS,8.89E+12,8.89E+12,AIR AQUA 500 ML,,1,5000,5000
114,11/13/2020,BOS,8.89E+12,8.89E+12,AIR AQUA 1500ML,,1,8000,8000
69,2/27/2025,BOS,8.99E+12,8.99E+12,FULLO,,2,500,1000
45,5/26/2023,BOS,9.00E+12,9.00E+12,SAMPOERNA MILD,,1,24000,24000
145,1/16/2021,BOS,89686060102,89686060102,POP MIE GORENG PEDES GLEDEK,,2,6000,12000
75,4/12/2024,BOS,9.00E+12,9.00E+12,WALL'S SOLERO,,2,5000,10000
27,1/8/2021,BOS,C,C,CEMILAN,,2,1000,2000
115,1/8/2025,BOS,9.00E+12,9.00E+12,TEH PUCUK 350 ML,,1,5000,5000
35,3/28/2021,BOS,8.89E+12,8.89E+12,AIR AQUA 500 ML,,2,5000,10000
24,1/21/2019,BOS,1.41E+12,100,ROTI,,1,2000,2000
112,6/7/2022,BOS,8.99E+12,8.99E+12,SCHWEPPES,,3,10000,30000
78,6/2/2021,BOS,C,C,CEMILAN,,3,1000,3000
112,7/22/2022,BOS,8.89E+12,8.89E+12,AIR AQUA 500 ML,,1,5000,5000
83,2/19/2019,BOS,9.00E+12,9.00E+12,BEER BINTANG 330ML,,1,26000,26000
9,4/30/2021,BOS,1.41E+12,100,ROTI,,2,2000,4000
39,6/4/2024,BOS,9.00E+12,9.00E+12,SAMPOERNA MILD,,1,24000,24000
47,4/14/2023,BOS,8.99E+12,8.99E+12,INDOMILK KENTAL MANIS 37G,,2,2000,4000
148,12/16/2023,BOS,8.89E+12,8.89E+12,AIR AQUA 500 ML,,1,5000,5000
79,12/24/2021,BOS,8.99E+12,8.99E+12,IN MILD MERAH,,1,18000,18000
119,2/1/2025,BOS,76239878,76239878,MARLBORO GOLD,,1,28000,28000
86,12/6/2023,BOS,8.89E+12,8.89E+12,AIR AQUA 1500ML,,1,8000,8000
54,8/22/2021,BOS,GLN,GLN,AIR GALON,,1,20000,20000
41,11/18/2023,BOS,8.89E+12,8.89E+12,AIR AQUA 500 ML,,1,5000,5000
62,5/11/2020,BOS,8.89E+12,8.89E+12,AIR AQUA 500 ML,,1,5000,5000
118,2/4/2024,BOS,8.99E+12,8.99E+12,COLA COLA 25OML,,2,5000,10000
9,2/26/2022,BOS,8.89E+12,8.89E+12,AIR AQUA 1500ML,,1,8000,8000
113,11/10/2023,BOS,8.99E+12,8.99E+12,NESCAFE 3ORIGINAL 3 IN 1 17.5G,,1,1500,1500
75,6/2/2023,BOS,C,C,CEMILAN,,11,1000,11000
9,11/11/2021,BOS,8.99E+12,8.99E+12,LUWAK WHITE KOFFIE ORIGINAL,,2,1500,3000
118,3/16/2020,BOS,9.00E+12,9.00E+12,SARI WANGI SASET,,2,2000,4000
16,6/20/2020,BOS,9.00E+12,9.00E+12,TEH KOTAK 200ML,,1,5000,5000
60,7/28/2021,BOS,147,L238,YAKULT,,1,2500,2500
89,6/29/2020,BOS,8.99E+12,8.99E+12,MYLANTA 50ML,,1,30000,30000
61,9/25/2024,BOS,8.99E+12,8.99E+12,AIR ADES 600ML,,1,5000,5000
61,9/4/2025,BOS,8.99E+12,8.99E+12,COCA COLA ORIGINAL 1L,,1,15000,15000
19,7/12/2022,BOS,9.00E+12,9.00E+12,SAMPOERNA MILD 12,,1,18000,18000
73,9/26/2025,BOS,9.00E+12,9.00E+12,ESSE CHANGE,,1,24000,24000
4,7/26/2025,BOS,8.99E+12,8.99E+12,COCA COLA ORIGINAL 390ML,,1,7000,7000
38,9/16/2020,BOS,8.99E+12,8.99E+12,OREO ORIGINAL 137G,,1,10000,10000
152,12/2/2025,BOS,89686067002,89686067002,POP MIE KUAH PEDES DOWER,,1,6000,6000
29,10/30/2023,BOS,9.00E+12,9.00E+12,SAMPOERNA MILD 12,,1,18000,18000
36,6/19/2019,BOS,8.89E+12,8.89E+12,AIR AQUA 1500ML,,1,8000,8000
149,11/16/2025,BOS,C,C,CEMILAN,,7,1000,7000
40,9/24/2024,BOS,9.00E+12,9.00E+12,sari gandum,,1,3000,3000
54,3/23/2019,BOS,9.00E+12,9.00E+12,CAMEL YELLOW,,1,18000,18000
135,4/6/2023,BOS,9.00E+12,9.00E+12,YOU-C1000 ORANGE,,1,7000,7000
56,5/5/2025,BOS,9.00E+12,9.00E+12,TEH BOTOL SOSRO ORIGINAL 350ML,,1,5000,5000
79,10/30/2019,BOS,8.89E+12,8.89E+12,AIR AQUA 1500ML,,1,8000,8000
117,7/23/2019,BOS,8.99E+12,8.99E+12,KOPI KAPAL API SPECIAL MIX 25G,,5,1500,7500
10,3/23/2023,BOS,9.00E+12,9.00E+12,ORANGE WATER 500ML,,1,8000,8000
62,10/23/2023,BOS,C,C,CEMILAN,,5,1000,5000
23,1/13/2023,BOS,9.00E+12,9.00E+12,MARLBORO FILER BLACK 12,,1,15000,15000
13,3/4/2022,BOS,76239878,76239878,MARLBORO GOLD,,2,30000,60000
69,12/29/2023,BOS,8.99E+12,8.99E+12,AUTAN OFF,,1,35000,35000
153,2/22/2020,BOS,9.00E+12,9.00E+12,ULTRA MILK COLKEAT 250ML,,1,8000,8000
66,10/14/2024,BOS,9.00E+12,9.00E+12,YOU-C1000 LEMON WATER 500ML,,1,8000,8000
21,6/3/2022,BOS,9.00E+12,9.00E+12,ULTRA MILK COLKEAT 250ML,,1,8000,8000
13,8/10/2023,BOS,8.89E+12,8.89E+12,AIR AQUA 500 ML,,1,5000,5000
72,6/13/2019,BOS,9.00E+12,9.00E+12,CORNETO SILVER QUEEN,,1,10000,10000
13,8/31/2019,BOS,8.85E+12,8.85E+12,MOGU MOGU COCONUT,,1,10000,10000
44,4/4/2025,BOS,8.99E+12,8.99E+12,ADEM SARI CHINGKU 350ML,,1,8000,8000
110,10/3/2024,BOS,1.41E+12,100,ROTI,,1,2000,2000
98,12/1/2023,BOS,0,0,KOREK CRICKET,,1,5000,5000
5,7/16/2019,BOS,8.99E+12,8.99E+12,GOOD DAY CAPPUCCINO 25G,,1,2000,2000
12,2/27/2020,BOS,13256110515,13256110515,TONG GARDEN SALTED PEANUTS 42G,,2,10000,20000
58,11/22/2025,BOS,8.99E+12,8.99E+12,AIR VIT 1500ML,,1,8000,8000
2,9/14/2022,BOS,76239878,76239878,MARLBORO GOLD,,1,27000,27000
70,1/7/2024,BOS,9.00E+12,9.00E+12,CAMEL YELLOW,,1,18000,18000
8,4/25/2022,BOS,8.99E+12,8.99E+12,GOOD DAY CAPPUCCINO 25G,,2,2000,4000
101,5/7/2025,BOS,4.03E+12,4.03E+12,CAMEL PURPLE,,1,18000,18000
18,8/23/2019,BOS,8.99E+12,8.99E+12,NEXTAR COKELAT,,1,3000,3000
130,4/18/2019,BOS,9.00E+12,9.00E+12,SAMPOERNA MILD,,2,24000,48000
137,8/4/2023,BOS,8.99E+12,8.99E+12,TANGO VANILA,,1,2500,2500
44,7/24/2022,BOS,9.56E+12,9.56E+12,NESCAFE MOCHA,,1,12000,12000
65,3/4/2021,BOS,8.99E+12,8.99E+12,FRESTEA APEL 500ML,,1,8000,8000
2,5/31/2025,BOS,9.00E+12,9.00E+12,ULTRA MILK COLKEAT 250ML,,1,8000,8000
78,11/7/2025,BOS,es,es,ES CUBE,,2,15000,30000
39,7/22/2020,BOS,2111,2111,ROTI 1500,,1,1500,1500
6,9/1/2023,BOS,6.93E+12,6.93E+12,KOREK G2000,,1,6000,6000
119,5/30/2022,BOS,9.00E+12,9.00E+12,GUDANG GARAM FILTER,,1,18000,18000
46,2/3/2022,BOS,8.89E+12,8.89E+12,AIR AQUA 1500ML,,1,8000,8000
80,6/1/2023,BOS,9.00E+12,9.00E+12,SAMPOERNA MILD,,1,24000,24000
72,4/26/2022,BOS,C,C,CEMILAN,,7,1000,7000
60,6/12/2023,BOS,76164217,76164217,MARLBORO MERAH,,1,30000,30000
45,3/25/2022,BOS,9.00E+12,9.00E+12,hansaplast,,1,15000,15000
110,4/15/2019,BOS,9.00E+12,9.00E+12,ULTRA MILK COLKEAT 250ML,,1,8000,8000
93,7/17/2020,BOS,8.89E+12,8.89E+12,AIR AQUA 500 ML,,1,5000,5000
104,11/20/2020,BOS,76164217,76164217,MARLBORO MERAH,,1,27000,27000
56,6/19/2022,BOS,9.00E+12,9.00E+12,MAGNUM ALMOND,,1,15000,15000
134,1/22/2025,BOS,8.99E+12,8.99E+12,PROCLIN SAET,,1,3000,3000
108,4/6/2025,BOS,9.00E+12,9.00E+12,MIE SEDAP GORENG 90G,,1,3000,3000
118,12/4/2025,BOS,9.00E+12,9.00E+12,A SATU 16,,1,15000,15000
96,8/28/2024,BOS,8.89E+12,8.89E+12,AIR AQUA 1500ML,,1,8000,8000
102,6/20/2023,BOS,9.00E+12,9.00E+12,SAMPOERNA KRETEK,,1,13000,13000
44,5/24/2021,BOS,9.00E+12,9.00E+12,MIE SEDAP CUP AYAM BAWANG T,,2,6000,12000
28,4/8/2019,BOS,9.00E+12,9.00E+12,ULTRA MILK COLKEAT 250ML,,1,8000,8000
111,11/28/2025,BOS,9.00E+12,9.00E+12,MAGNUM BALI-SERIES RASPBERRY,,1,20000,20000
37,6/10/2023,BOS,9.00E+12,9.00E+12,MARLBORO ICE BURST,,2,28000,56000
123,5/2/2021,BOS,9.00E+12,9.00E+12,BEER BINTANG KLG 500ML,,1,30000,30000
49,3/5/2023,BOS,8.99E+12,8.99E+12,SPRITE LEMON LIME 390ML,,1,7000,7000
56,3/14/2019,BOS,9.00E+12,9.00E+12,SAMPOERNA MILD,,1,24000,24000
111,11/20/2024,BOS,9.00E+12,9.00E+12,NIVEA MEN SPRY B&W,,1,55000,55000
75,9/11/2022,BOS,9.00E+12,9.00E+12,BEER BINTANG KLG 500ML,,3,30000,90000
153,7/11/2024,BOS,9.00E+12,9.00E+12,RINSO,,2,2000,4000
35,12/17/2022,BOS,9.00E+12,9.00E+12,TEH BOTOL SOSRO ORIGINAL 450ML,,1,8000,8000
4,8/19/2022,BOS,9.00E+12,9.00E+12,garam,,2,3000,6000
153,6/3/2024,BOS,8.99E+12,8.99E+12,IN MILD MERAH,,1,18000,18000
155,11/30/2019,BOS,8.89E+12,8.89E+12,AIR AQUA 500 ML,,1,5000,5000
148,7/9/2020,BOS,76239878,76239878,MARLBORO GOLD,,1,27000,27000
2,8/10/2020,BOS,9.00E+12,9.00E+12,ROMA BISKUIT KELAPA 300G,,1,10000,10000
181,9/13/2024,BOS,C,C,CEMILAN,,2,1000,2000
46,1/31/2021,BOS,42139447,42139447,CAMEL WHITE,,1,21000,21000
189,1/7/2025,BOS,GA,GA,GELAS + AIR,,2,1500,3000
139,12/26/2025,BOS,8.99E+12,8.99E+12,COCA COLA ORIGINAL 390ML,,1,7000,7000
129,5/24/2020,BOS,89981108,89981108,LUCKY STRIKE RED,,1,22000,22000
139,12/31/2022,BOS,8.89E+12,8.89E+12,AIR AQUA 500 ML,,1,5000,5000
7,9/20/2024,BOS,8.99E+12,8.99E+12,KOPI KAPAL API KOPI + GULA 25G,,1,1500,1500
201,8/18/2022,BOS,9.00E+12,9.00E+12,TEH PUCUK HARUM 240 ML,,1,8000,8000
117,1/22/2021,BOS,9.00E+12,9.00E+12,MIE SEDAP GORENG 90G,,3,3000,9000
60,4/23/2022,BOS,9.00E+12,9.00E+12,BOHEM MOJITO,,1,25000,25000
118,1/12/2023,BOS,ISO,ISO,ISOLASI KCIL',,1,8000,8000
173,6/6/2021,BOS,95506296,95506296,strepsils original,,1,15000,15000
159,6/29/2025,BOS,9.00E+12,9.00E+12,MAGNUM BALI-SERIES COCONUT,,1,20000,20000
106,12/1/2023,BOS,9.00E+12,9.00E+12,GOLDA KOPI,,1,5000,5000
22,7/24/2022,BOS,9.00E+12,9.00E+12,FLORIDINA,,1,5000,5000
187,12/11/2019,BOS,9.00E+12,9.00E+12,BEER BINTANG BESAR 720ML,,2,38000,76000
4,4/18/2024,BOS,TESA,TESA,TISUE TESSA,,8,5000,40000
20,12/21/2019,BOS,9.00E+12,9.00E+12,MARLBORO FILER BLACK 12,,1,15000,15000
5,5/14/2024,BOS,76164217,76164217,MARLBORO MERAH,,1,27000,27000
156,6/26/2021,BOS,C,C,CEMILAN,,2,1000,2000
31,2/1/2024,BOS,8.89E+12,8.89E+12,AIR AQUA 500 ML,,1,5000,5000
62,10/15/2019,BOS,C,C,CEMILAN,,1,1000,1000
128,1/14/2023,BOS,C,C,CEMILAN,,5,1000,5000
23,4/29/2019,BOS,89686596465,89686596465,LAYS RUMPUT LAUT 78G,,1,13000,13000
94,4/22/2025,BOS,8.89E+12,8.89E+12,AIR AQUA 1500ML,,1,8000,8000
61,12/12/2023,BOS,9.00E+12,9.00E+12,SARI WANGI SASET,,1,2000,2000
78,9/22/2019,BOS,9.00E+12,9.00E+12,FRUIT TEA APEL 500 ML,,1,8000,8000
12,2/4/2025,BOS,8.99E+12,8.99E+12,MINUTE MAID PULPY ORANGE,,1,7000,7000
163,6/12/2024,BOS,76164217,76164217,MARLBORO MERAH,,1,30000,30000
23,9/4/2019,BOS,8.99E+12,8.99E+12,HAPPY TOS CORN CHIPS 160G,,1,17000,17000
126,5/19/2022,BOS,8.99E+12,8.99E+12,EXTRA JOSS KOTAK,,3,17000,51000
83,7/13/2025,BOS,76164217,76164217,MARLBORO MERAH,,1,27000,27000
94,3/5/2022,BOS,7.62E+12,7.62E+12,OREO DARK AND WHITE CHOCOLATE,,1,10000,10000
36,6/16/2021,BOS,8.89E+12,8.89E+12,AIR AQUA 1500ML,,1,8000,8000
96,1/15/2022,BOS,8.99E+12,8.99E+12,FRESTEA APEL 500ML,,1,8000,8000
221,12/31/2021,BOS,9.00E+12,9.00E+12,BEER BINTANG BESAR 720ML,,2,38000,76000
76,1/9/2019,BOS,9.00E+12,9.00E+12,MAGNUM CLASSIC,BKS,1,15000,15000
15,9/12/2019,BOS,8.99E+12,8.99E+12,IN MILD MERAH,,1,18000,18000
27,11/21/2019,BOS,9.00E+12,9.00E+12,BEER BINTANG BESAR 720ML,,2,38000,76000
117,8/31/2023,BOS,89981108,89981108,LUCKY STRIKE RED,,1,22000,22000
52,5/15/2024,BOS,89981115,89981115,LUCKY STRIKE BLUE,,1,24000,24000
149,12/10/2022,BOS,89686598476,89686598476,CHITATO AYAM 68 G,,1,13000,13000
74,8/26/2022,BOS,8.99E+12,8.99E+12,GOOD DAY CAPPUCCINO 25G,,2,2000,4000
67,10/1/2020,BOS,8.99E+12,8.99E+12,KOPI KAPAL API SPECIAL MIX 25G,,2,1500,3000
144,6/7/2021,BOS,8.99E+12,8.99E+12,BEAR BRAND 189ML,,1,12000,12000
154,10/7/2023,BOS,8.89E+12,8.89E+12,PRINGLES SOUR CREAM & ONION,,1,25000,25000
37,3/7/2023,BOS,9.00E+12,9.00E+12,teh botol kotak,,1,5000,5000
212,6/5/2024,BOS,8.89E+12,8.89E+12,TIM TAM VANILLA,,1,13000,13000
162,4/6/2025,BOS,9.00E+12,9.00E+12,POCARI SWEAT 250ML,,1,6000,6000
334,5/11/2019,BOS,8.89E+12,8.89E+12,AIR AQUA 1500ML,,1,8000,8000
92,11/2/2023,BOS,GAS K,GAS K,GAS KECIL,,2,23000,46000
43,9/18/2019,BOS,8.99E+12,8.99E+12,SPRITE KLG 330ML,,2,10000,20000
124,5/27/2025,BOS,9.00E+12,9.00E+12,MAGNUM BALI-SERIES COCONUT,,1,20000,20000
132,7/7/2025,BOS,9.00E+12,9.00E+12,SAMPOERNA MILD 12,,1,18000,18000
37,5/8/2025,BOS,C,C,CEMILAN,,2,1000,2000
72,10/31/2020,BOS,9.00E+12,9.00E+12,sunlight,,5,16000,80000
137,3/10/2021,BOS,76164217,76164217,MARLBORO MERAH,,1,30000,30000
62,3/18/2025,BOS,8.99E+12,8.99E+12,FRESTEA APEL 350 ML,,1,5000,5000
40,4/28/2021,BOS,8.99E+12,8.99E+12,APACHE 16,,1,20000,20000
182,3/19/2024,BOS,8.89E+12,8.89E+12,BENG-BENG,,1,2000,2000
169,12/2/2020,BOS,9.00E+12,9.00E+12,YOU-C1000 ORANGE,,1,7000,7000
46,2/4/2025,BOS,9.00E+12,9.00E+12,POCARI SWEAT CAN 330 ML,,1,8000,8000
125,6/20/2024,BOS,8.99E+12,8.99E+12,KOPI KAPAL API KOPI + GULA 25G,,1,1500,1500
70,5/1/2023,BOS,4.01E+12,4.01E+12,nivea sun,,1,200000,200000
54,9/11/2023,BOS,9.31E+12,9.31E+12,INDOCAFE COFFEEMIX 3 IN 1 20G,,2,1500,3000
102,8/27/2021,BOS,9.00E+12,9.00E+12,GUDANG GARAM HITAM,,1,21000,21000
167,10/30/2020,BOS,9.00E+12,9.00E+12,BEER BINTANG KLG 500ML,,1,30000,30000
3,9/14/2020,BOS,8.99E+12,8.99E+12,COCA COLA ORIGINAL 1L,,1,15000,15000
45,4/19/2025,BOS,8.89E+12,8.89E+12,AIR AQUA 1500ML,,1,8000,8000
146,5/11/2019,BOS,9.00E+12,9.00E+12,BEER BINTANG BESAR 720ML,,3,38000,114000
161,9/10/2022,BOS,8.89E+12,8.89E+12,AIR AQUA 500 ML,,1,5000,5000
91,7/31/2021,BOS,um,um,payung kecil,,1,50000,50000
154,5/23/2022,BOS,8.89E+12,8.89E+12,AIR AQUA 1500ML,,2,8000,16000
26,2/11/2021,BOS,9.00E+12,9.00E+12,ORANGE WATER 500ML,,1,8000,8000
17,10/18/2023,BOS,9.00E+12,9.00E+12,SURYA PRO MILD PUTIH,,1,20000,20000
44,11/17/2023,BOS,8.99E+12,8.99E+12,MITUBABY CHANGING DIAPER 50,,1,20000,20000
228,2/10/2025,BOS,9.00E+12,9.00E+12,BEER BINTANG BESAR 720ML,,1,38000,38000
158,12/13/2019,BOS,9.00E+12,9.00E+12,YOU-C1000 ORANGE,,1,7000,7000
188,11/6/2022,BOS,4.03E+12,4.03E+12,CAMEL PURPLE,,1,25000,25000
25,2/22/2022,BOS,GA,GA,GELAS + AIR,,2,1500,3000
9,9/12/2019,BOS,9.00E+12,9.00E+12,TEH PUCUK 350 ML,,1,5000,5000
83,9/19/2025,BOS,76164217,76164217,MARLBORO MERAH,,1,30000,30000
65,2/3/2019,BOS,9.00E+12,9.00E+12,LARUTAN CAP KAKI TIGA MELON,,1,8000,8000
130,9/21/2020,BOS,76239878,76239878,MARLBORO GOLD,,1,30000,30000
31,9/22/2019,BOS,8.89E+12,8.89E+12,AIR AQUA 1500ML,,2,8000,16000
22,7/31/2021,BOS,902,902,Jarum Needles bulat,,1,6000,6000
11,8/9/2024,BOS,GA,GA,GELAS + AIR,,1,1500,1500
51,11/11/2021,BOS,8.89E+12,8.89E+12,AIR AQUA 1500ML,,3,8000,24000
61,12/31/2025,BOS,89981115,89981115,LUCKY STRIKE BLUE,,1,25000,25000
98,8/10/2025,BOS,8.89E+12,8.89E+12,AIR AQUA 500 ML,,1,5000,5000
88,10/20/2023,BOS,9.00E+12,9.00E+12,DUNHILL HITAM,,2,20000,40000
3,9/7/2020,BOS,9.00E+12,9.00E+12,GRANOLA BITES CHOCO VANILA,,1,35000,35000
72,6/6/2019,BOS,C,C,CEMILAN,,2,1000,2000
118,8/23/2023,BOS,9.00E+12,9.00E+12,BEER BINTANG KLG 500ML,,24,30000,720000
191,9/22/2023,BOS,9.00E+12,9.00E+12,BEER BINTANG 330ML,,1,26000,26000
36,8/4/2020,BOS,C,C,CEMILAN,,5,1000,5000
141,3/25/2023,BOS,8.89E+12,8.89E+12,AIR AQUA 1500ML,,2,8000,16000
94,3/28/2021,BOS,9.00E+12,9.00E+12,BEER BINTANG BESAR 720ML,,4,38000,152000
108,8/5/2024,BOS,1231932,1231932,WINSTON BLUE,,1,22000,22000
94,8/26/2020,BOS,89686060362,89686060362,POP MIE RASA SOTO AYAM,,1,6000,6000
77,3/19/2021,BOS,C,C,CEMILAN,,2,1000,2000
28,10/10/2024,BOS,9.00E+12,9.00E+12,POCARI SWEAT 500ML,,1,8000,8000
137,5/30/2021,BOS,76239878,76239878,MARLBORO GOLD,,1,30000,30000
104,5/5/2019,BOS,9.00E+12,9.00E+12,Y C1000 LEMON,,2,7000,14000
165,3/20/2022,BOS,8.89E+12,8.89E+12,KRATINDENG REDBULL,,1,7000,7000
15,3/26/2020,BOS,8.89E+12,8.89E+12,AIR AQUA 500 ML,,2,5000,10000
47,8/20/2023,BOS,9.00E+12,9.00E+12,MAGNUM MILD 16,,1,18000,18000
53,5/19/2025,BOS,76239878,76239878,MARLBORO GOLD,,1,27000,27000
10,9/12/2020,BOS,9.00E+12,9.00E+12,TEH PUCUK 350 ML,,1,5000,5000
106,4/7/2022,BOS,9.00E+12,9.00E+12,BEER BINTANG KLG 500ML,,1,30000,30000
151,7/31/2023,BOS,8.99E+12,8.99E+12,MENTOS STRAWBERY,,4,3000,12000
16,5/29/2021,BOS,8.99E+12,8.99E+12,FANTA JERUK 250ML,,5,5000,25000
34,9/5/2024,BOS,89981115,89981115,LUCKY STRIKE BLUE,,1,25000,25000
67,4/17/2020,BOS,9.00E+12,9.00E+12,DUNHILL HITAM,,10,20000,200000
115,9/22/2024,BOS,89686611618,89686611618,QTELA SINGKONG 60G,,1,7000,7000
77,2/5/2020,BOS,9.00E+12,9.00E+12,LARUTAN CAP KAKI TIGA 500ML,,1,8000,8000
52,1/31/2019,BOS,9.00E+12,9.00E+12,SAMPOERNA MILD,,1,24000,24000
56,10/27/2020,BOS,8.99E+12,8.99E+12,ADEM SARI CHING KU CAN 320 ML,,1,8000,8000
104,6/21/2020,BOS,C,C,CEMILAN,,6,1000,6000
3,3/26/2021,BOS,8.99E+12,8.99E+12,NU MILK TEA,,1,8000,8000
12,6/13/2019,BOS,8.99E+12,8.99E+12,FANTA 250ML,,1,5000,5000
33,3/12/2023,BOS,2111,2111,ROTI 1500,,2,1500,3000
157,6/2/2023,BOS,9.00E+12,9.00E+12,FLORIDINA,,3,5000,15000
151,9/23/2020,BOS,0,0,KOREK CRICKET,,1,5000,5000
124,8/11/2019,BOS,9.00E+12,9.00E+12,A SATU KECIL,,1,11000,11000
31,9/25/2022,BOS,9.00E+12,9.00E+12,ULTRA MILK STRAWBERRY 250ML,,1,8000,8000
52,6/29/2020,BOS,8.99E+12,8.99E+12,OREO ORIGINAL 137G,,1,10000,10000
66,8/3/2024,BOS,76164217,76164217,MARLBORO MERAH,,1,30000,30000
50,1/24/2025,BOS,9.00E+12,9.00E+12,KELAPA CREAM,,1,3000,3000
17,1/30/2019,BOS,8.99E+12,8.99E+12,HELLO PANDA STRAW,,2,8000,16000
40,11/27/2025,BOS,9.00E+12,9.00E+12,DUNHILL HITAM,,1,20000,20000
79,3/18/2024,BOS,76239878,76239878,MARLBORO GOLD,,1,30000,30000
109,8/9/2021,BOS,9.00E+12,9.00E+12,MIE SEDAP GORENG 90G,,1,3000,3000
124,9/15/2024,BOS,9.00E+12,9.00E+12,BEER BINTANG RADLER 330 ML,,1,25000,25000
125,6/23/2024,BOS,89981108,89981108,LUCKY STRIKE RED,,1,22000,22000
41,6/16/2025,BOS,8.99E+12,8.99E+12,FRESTEA MARKISA 350 ML,,1,5000,5000
142,3/31/2022,BOS,9.00E+12,9.00E+12,BENG-BENG MAX,,2,4000,8000
28,8/7/2024,BOS,8.99E+12,8.99E+12,FRESTEA APEL 350 ML,,1,5000,5000
167,6/7/2024,BOS,9.00E+12,9.00E+12,MIE SEADAP AYAM BAWANG 70G,,2,3000,6000
3,11/16/2020,BOS,8.00E+12,8.00E+12,POKER NOCCIOLA,,1,12000,12000
105,11/28/2021,BOS,GA,GA,GELAS + AIR,,1,1500,1500
37,2/7/2019,BOS,9.00E+12,9.00E+12,MAGNUM WHITE ALMOND,BKS,1,15000,15000
110,8/18/2023,BOS,C,C,CEMILAN,,3,1000,3000
152,4/19/2022,BOS,8.99E+12,8.99E+12,FRESTEA APEL 350 ML,,1,5000,5000
25,4/9/2025,BOS,GA,GA,GELAS + AIR,,1,1500,1500
113,10/2/2021,BOS,9.00E+12,9.00E+12,SAMPOERNA MENTHOL BURST,,1,25000,25000
67,2/27/2019,BOS,9.00E+12,9.00E+12,ULTRA MILK COLKEAT 250ML,,1,8000,8000
